network,autonomous_system_number,autonomous_system_organization
170.110.229.0/24,12076,microsoft
170.110.247.0/24,12076,microsoft
151.207.40.0/21,12076,microsoft
172.82.0.0/24,12233,microsoft-connected-cache-powered-by-ninja-ix
2a01:110:9100::/40,3598,microsoft-corp-as
2a01:110:e040::/44,3598,microsoft-corp-as
2a01:110:e000::/42,3598,microsoft-corp-as
157.60.0.0/16,3598,microsoft-corp-as
157.59.0.0/16,3598,microsoft-corp-as
157.58.224.0/19,3598,microsoft-corp-as
157.58.220.0/22,3598,microsoft-corp-as
157.58.218.0/23,3598,microsoft-corp-as
157.58.217.0/24,3598,microsoft-corp-as
157.58.208.0/21,3598,microsoft-corp-as
157.58.192.0/20,3598,microsoft-corp-as
2a01:110:e051::/48,3598,microsoft-corp-as
157.58.0.0/17,3598,microsoft-corp-as
157.57.0.0/16,3598,microsoft-corp-as
2a01:110:c000::/35,3598,microsoft-corp-as
65.53.0.0/16,3598,microsoft-corp-as
157.54.0.0/16,3598,microsoft-corp-as
2a01:110:a000::/35,3598,microsoft-corp-as
2a01:110:9800::/37,3598,microsoft-corp-as
2a01:110:9200::/39,3598,microsoft-corp-as
157.58.128.0/18,3598,microsoft-corp-as
194.69.106.0/23,3598,microsoft-corp-as
194.69.108.0/22,3598,microsoft-corp-as
199.2.137.0/24,3598,microsoft-corp-as
167.220.248.0/21,3598,microsoft-corp-as
167.220.240.0/22,3598,microsoft-corp-as
167.220.232.0/21,3598,microsoft-corp-as
167.220.228.0/22,3598,microsoft-corp-as
167.220.224.0/23,3598,microsoft-corp-as
167.220.192.0/19,3598,microsoft-corp-as
167.220.128.0/18,3598,microsoft-corp-as
167.220.0.0/17,3598,microsoft-corp-as
198.105.232.0/22,3598,microsoft-corp-as
2a01:110:f000::/36,3598,microsoft-corp-as
2a01:110:e800::/37,3598,microsoft-corp-as
2a01:110:e400::/38,3598,microsoft-corp-as
2a01:110:e200::/39,3598,microsoft-corp-as
2a01:110:e100::/40,3598,microsoft-corp-as
2a01:110:e080::/41,3598,microsoft-corp-as
2a01:110:e060::/43,3598,microsoft-corp-as
2a01:110:e058::/45,3598,microsoft-corp-as
2a01:110:e054::/46,3598,microsoft-corp-as
2a01:110:e052::/47,3598,microsoft-corp-as
194.69.112.0/20,3598,microsoft-corp-as
194.69.96.0/21,3598,microsoft-corp-as
2a01:110:9080::/41,3598,microsoft-corp-as
131.107.0.0/16,3598,microsoft-corp-as
2a01:110:9020::/43,3598,microsoft-corp-as
2404:f801::/33,3598,microsoft-corp-as
2a01:110::/33,3598,microsoft-corp-as
2001:4898:c000::/34,3598,microsoft-corp-as
2001:4898:b800::/37,3598,microsoft-corp-as
2a01:110:9040::/42,3598,microsoft-corp-as
2001:4898:b200::/39,3598,microsoft-corp-as
2001:4898:b100::/40,3598,microsoft-corp-as
2001:4898:b0c0::/42,3598,microsoft-corp-as
2404:f801:8000::/43,3598,microsoft-corp-as
2001:4898:b0a0::/43,3598,microsoft-corp-as
2001:4898:b088::/45,3598,microsoft-corp-as
2001:4898:b084::/46,3598,microsoft-corp-as
2001:4898:b082::/47,3598,microsoft-corp-as
2001:4898:b081::/48,3598,microsoft-corp-as
2001:4898:b000::/41,3598,microsoft-corp-as
2001:4898:a000::/36,3598,microsoft-corp-as
2001:4898:8000::/35,3598,microsoft-corp-as
2001:4898::/33,3598,microsoft-corp-as
2001:4898:b090::/44,3598,microsoft-corp-as
2a01:110:8000::/36,3598,microsoft-corp-as
2001:4898:b400::/38,3598,microsoft-corp-as
2404:f801:8022::/47,3598,microsoft-corp-as
2a01:110:9010::/44,3598,microsoft-corp-as
2a01:110:900c::/46,3598,microsoft-corp-as
2a01:110:900a::/47,3598,microsoft-corp-as
2a01:110:9009::/48,3598,microsoft-corp-as
2404:f801:8021::/48,3598,microsoft-corp-as
2a01:110:9000::/45,3598,microsoft-corp-as
2404:f801:c000::/34,3598,microsoft-corp-as
2404:f801:a000::/35,3598,microsoft-corp-as
2404:f801:9000::/36,3598,microsoft-corp-as
2404:f801:8800::/37,3598,microsoft-corp-as
2a01:110:9400::/38,3598,microsoft-corp-as
2404:f801:8200::/39,3598,microsoft-corp-as
2404:f801:8400::/38,3598,microsoft-corp-as
2404:f801:8028::/45,3598,microsoft-corp-as
2404:f801:8030::/44,3598,microsoft-corp-as
2404:f801:8024::/46,3598,microsoft-corp-as
2404:f801:8080::/41,3598,microsoft-corp-as
2404:f801:8100::/40,3598,microsoft-corp-as
2404:f801:8040::/42,3598,microsoft-corp-as
98.70.0.0/15,8075,microsoft-corp-msn-as-block
91.203.230.0/24,8075,microsoft-corp-msn-as-block
103.164.237.0/24,8075,microsoft-corp-msn-as-block
103.155.245.0/24,8075,microsoft-corp-msn-as-block
103.131.148.0/23,8075,microsoft-corp-msn-as-block
103.58.119.0/24,8075,microsoft-corp-msn-as-block
103.8.80.0/24,8075,microsoft-corp-msn-as-block
91.216.184.0/24,8075,microsoft-corp-msn-as-block
91.242.222.0/24,8075,microsoft-corp-msn-as-block
94.143.105.0/24,8075,microsoft-corp-msn-as-block
98.64.0.0/14,8075,microsoft-corp-msn-as-block
94.245.64.0/18,8075,microsoft-corp-msn-as-block
94.143.106.0/23,8075,microsoft-corp-msn-as-block
102.211.187.0/24,8075,microsoft-corp-msn-as-block
95.128.193.0/24,8075,microsoft-corp-msn-as-block
94.143.108.0/24,8075,microsoft-corp-msn-as-block
102.37.0.0/16,8075,microsoft-corp-msn-as-block
92.118.22.0/23,8075,microsoft-corp-msn-as-block
102.133.0.0/16,8075,microsoft-corp-msn-as-block
2001:67c:d1c::/48,8075,microsoft-corp-msn-as-block
103.249.62.0/23,8075,microsoft-corp-msn-as-block
131.253.61.0/24,8075,microsoft-corp-msn-as-block
131.253.62.0/23,8075,microsoft-corp-msn-as-block
131.253.72.0/22,8070,microsoft-corp-msn-as-block
131.253.80.0/20,8070,microsoft-corp-msn-as-block
131.253.112.0/21,8070,microsoft-corp-msn-as-block
131.253.120.0/22,8070,microsoft-corp-msn-as-block
131.253.128.0/17,8075,microsoft-corp-msn-as-block
132.164.0.0/16,8075,microsoft-corp-msn-as-block
132.245.0.0/16,8075,microsoft-corp-msn-as-block
134.170.0.0/16,8075,microsoft-corp-msn-as-block
135.56.0.0/24,8075,microsoft-corp-msn-as-block
135.130.0.0/16,8075,microsoft-corp-msn-as-block
131.253.40.0/21,8075,microsoft-corp-msn-as-block
135.149.0.0/16,8075,microsoft-corp-msn-as-block
137.70.154.0/24,8075,microsoft-corp-msn-as-block
137.70.156.0/24,8070,microsoft-corp-msn-as-block
137.70.158.0/24,8070,microsoft-corp-msn-as-block
137.116.0.0/15,8075,microsoft-corp-msn-as-block
137.135.0.0/16,8075,microsoft-corp-msn-as-block
138.32.108.0/24,8075,microsoft-corp-msn-as-block
138.91.0.0/16,8075,microsoft-corp-msn-as-block
138.105.0.0/16,8075,microsoft-corp-msn-as-block
138.128.250.0/23,8075,microsoft-corp-msn-as-block
138.239.0.0/16,8075,microsoft-corp-msn-as-block
141.193.248.0/24,8075,microsoft-corp-msn-as-block
142.0.188.0/23,8075,microsoft-corp-msn-as-block
137.70.152.0/24,8075,microsoft-corp-msn-as-block
103.180.108.0/24,8075,microsoft-corp-msn-as-block
131.253.36.0/22,8075,microsoft-corp-msn-as-block
131.253.33.0/24,8068,microsoft-corp-msn-as-block
104.40.0.0/13,8075,microsoft-corp-msn-as-block
104.146.128.0/17,8075,microsoft-corp-msn-as-block
104.208.0.0/13,8075,microsoft-corp-msn-as-block
104.234.235.0/24,8075,microsoft-corp-msn-as-block
108.140.0.0/14,8075,microsoft-corp-msn-as-block
108.161.110.0/24,8075,microsoft-corp-msn-as-block
108.165.60.0/24,8075,microsoft-corp-msn-as-block
111.221.16.0/21,8075,microsoft-corp-msn-as-block
111.221.24.0/22,8075,microsoft-corp-msn-as-block
111.221.29.0/24,8075,microsoft-corp-msn-as-block
111.221.30.0/23,8075,microsoft-corp-msn-as-block
111.221.64.0/18,8075,microsoft-corp-msn-as-block
131.253.34.0/23,8075,microsoft-corp-msn-as-block
113.197.64.0/22,8075,microsoft-corp-msn-as-block
129.35.19.0/24,8075,microsoft-corp-msn-as-block
130.115.248.0/21,8075,microsoft-corp-msn-as-block
81.22.128.0/24,8075,microsoft-corp-msn-as-block
131.253.1.0/24,8075,microsoft-corp-msn-as-block
131.253.3.0/24,8068,microsoft-corp-msn-as-block
131.253.5.0/24,8075,microsoft-corp-msn-as-block
131.253.6.0/24,8075,microsoft-corp-msn-as-block
131.253.8.0/24,8075,microsoft-corp-msn-as-block
131.253.12.0/22,8075,microsoft-corp-msn-as-block
131.253.21.0/24,8068,microsoft-corp-msn-as-block
131.253.24.0/21,8075,microsoft-corp-msn-as-block
131.253.32.0/24,8075,microsoft-corp-msn-as-block
128.94.0.0/16,8075,microsoft-corp-msn-as-block
74.248.0.0/15,8075,microsoft-corp-msn-as-block
68.218.0.0/15,8075,microsoft-corp-msn-as-block
74.234.0.0/15,8075,microsoft-corp-msn-as-block
51.51.0.0/16,8075,microsoft-corp-msn-as-block
51.53.0.0/16,8075,microsoft-corp-msn-as-block
51.103.0.0/16,8075,microsoft-corp-msn-as-block
51.104.0.0/15,8075,microsoft-corp-msn-as-block
51.107.0.0/16,8075,microsoft-corp-msn-as-block
51.116.0.0/16,8075,microsoft-corp-msn-as-block
51.120.0.0/16,8075,microsoft-corp-msn-as-block
51.124.0.0/16,8075,microsoft-corp-msn-as-block
51.132.0.0/16,8075,microsoft-corp-msn-as-block
51.136.0.0/15,8075,microsoft-corp-msn-as-block
51.138.0.0/16,8075,microsoft-corp-msn-as-block
51.140.0.0/14,8075,microsoft-corp-msn-as-block
51.144.0.0/15,8075,microsoft-corp-msn-as-block
52.96.0.0/12,8075,microsoft-corp-msn-as-block
52.112.0.0/16,8075,microsoft-corp-msn-as-block
52.113.0.0/17,8075,microsoft-corp-msn-as-block
52.113.128.0/18,8075,microsoft-corp-msn-as-block
52.113.192.0/23,8075,microsoft-corp-msn-as-block
52.113.194.0/23,8068,microsoft-corp-msn-as-block
52.113.196.0/23,8068,microsoft-corp-msn-as-block
52.113.198.0/23,8075,microsoft-corp-msn-as-block
52.113.200.0/21,8075,microsoft-corp-msn-as-block
52.113.208.0/20,8075,microsoft-corp-msn-as-block
52.113.224.0/19,8075,microsoft-corp-msn-as-block
52.114.0.0/15,8075,microsoft-corp-msn-as-block
52.120.0.0/15,8075,microsoft-corp-msn-as-block
52.122.0.0/19,8069,microsoft-corp-msn-as-block
52.122.32.0/22,8069,microsoft-corp-msn-as-block
52.122.36.0/22,8075,microsoft-corp-msn-as-block
51.12.0.0/15,8075,microsoft-corp-msn-as-block
51.10.0.0/15,8075,microsoft-corp-msn-as-block
51.8.0.0/16,8075,microsoft-corp-msn-as-block
51.4.0.0/15,8075,microsoft-corp-msn-as-block
40.66.0.0/17,8075,microsoft-corp-msn-as-block
40.67.0.0/16,8075,microsoft-corp-msn-as-block
40.68.0.0/14,8075,microsoft-corp-msn-as-block
40.74.0.0/15,8075,microsoft-corp-msn-as-block
40.76.0.0/14,8075,microsoft-corp-msn-as-block
40.80.0.0/12,8075,microsoft-corp-msn-as-block
40.96.0.0/13,8075,microsoft-corp-msn-as-block
40.104.0.0/14,8075,microsoft-corp-msn-as-block
40.108.128.0/17,8075,microsoft-corp-msn-as-block
40.110.0.0/15,8075,microsoft-corp-msn-as-block
40.112.0.0/13,8075,microsoft-corp-msn-as-block
40.120.0.0/14,8075,microsoft-corp-msn-as-block
40.124.0.0/16,8075,microsoft-corp-msn-as-block
40.125.0.0/17,8075,microsoft-corp-msn-as-block
52.122.40.0/21,8069,microsoft-corp-msn-as-block
40.126.0.0/18,8075,microsoft-corp-msn-as-block
40.127.0.0/16,8075,microsoft-corp-msn-as-block
40.162.0.0/16,8075,microsoft-corp-msn-as-block
40.169.0.0/16,8075,microsoft-corp-msn-as-block
40.170.0.0/15,8075,microsoft-corp-msn-as-block
41.223.11.0/24,8075,microsoft-corp-msn-as-block
45.8.43.0/24,8075,microsoft-corp-msn-as-block
45.66.80.0/24,8075,microsoft-corp-msn-as-block
45.82.119.0/24,8075,microsoft-corp-msn-as-block
45.143.224.0/23,8075,microsoft-corp-msn-as-block
45.146.100.0/22,8075,microsoft-corp-msn-as-block
46.29.242.0/24,8075,microsoft-corp-msn-as-block
48.192.0.0/12,8075,microsoft-corp-msn-as-block
48.208.0.0/13,8075,microsoft-corp-msn-as-block
48.216.0.0/14,8075,microsoft-corp-msn-as-block
40.126.128.0/17,8075,microsoft-corp-msn-as-block
74.240.0.0/14,8075,microsoft-corp-msn-as-block
52.122.48.0/20,8069,microsoft-corp-msn-as-block
52.122.128.0/19,8069,microsoft-corp-msn-as-block
64.13.130.0/24,8075,microsoft-corp-msn-as-block
64.15.23.0/24,8075,microsoft-corp-msn-as-block
64.15.25.0/24,8075,microsoft-corp-msn-as-block
64.72.206.0/24,8075,microsoft-corp-msn-as-block
65.52.0.0/16,8075,microsoft-corp-msn-as-block
65.54.0.0/15,8075,microsoft-corp-msn-as-block
66.119.144.0/20,8075,microsoft-corp-msn-as-block
66.178.148.0/23,8075,microsoft-corp-msn-as-block
67.210.128.0/23,8075,microsoft-corp-msn-as-block
68.154.0.0/15,8075,microsoft-corp-msn-as-block
68.210.0.0/15,8075,microsoft-corp-msn-as-block
142.147.54.0/24,8075,microsoft-corp-msn-as-block
68.220.0.0/15,8075,microsoft-corp-msn-as-block
69.52.192.0/23,8075,microsoft-corp-msn-as-block
69.52.198.0/23,8075,microsoft-corp-msn-as-block
69.59.17.0/24,8075,microsoft-corp-msn-as-block
69.84.180.0/23,8075,microsoft-corp-msn-as-block
70.37.0.0/17,8075,microsoft-corp-msn-as-block
70.37.128.0/18,8075,microsoft-corp-msn-as-block
70.152.0.0/15,8075,microsoft-corp-msn-as-block
70.156.0.0/15,8075,microsoft-corp-msn-as-block
72.18.78.0/24,8075,microsoft-corp-msn-as-block
72.144.0.0/14,8075,microsoft-corp-msn-as-block
72.152.0.0/14,8075,microsoft-corp-msn-as-block
74.80.229.0/24,8075,microsoft-corp-msn-as-block
74.160.0.0/14,8075,microsoft-corp-msn-as-block
74.176.0.0/14,8075,microsoft-corp-msn-as-block
74.200.130.0/24,8075,microsoft-corp-msn-as-block
74.224.0.0/14,8075,microsoft-corp-msn-as-block
64.4.0.0/18,8075,microsoft-corp-msn-as-block
63.116.158.0/24,8075,microsoft-corp-msn-as-block
62.132.26.0/23,8075,microsoft-corp-msn-as-block
62.97.228.0/24,8075,microsoft-corp-msn-as-block
52.122.160.0/20,8069,microsoft-corp-msn-as-block
52.122.176.0/22,8069,microsoft-corp-msn-as-block
52.122.180.0/22,8075,microsoft-corp-msn-as-block
52.122.184.0/21,8075,microsoft-corp-msn-as-block
52.122.192.0/22,8075,microsoft-corp-msn-as-block
52.122.196.0/22,8069,microsoft-corp-msn-as-block
52.122.200.0/21,8069,microsoft-corp-msn-as-block
52.122.208.0/22,8069,microsoft-corp-msn-as-block
52.122.212.0/22,8075,microsoft-corp-msn-as-block
52.122.216.0/22,8075,microsoft-corp-msn-as-block
52.122.220.0/22,8069,microsoft-corp-msn-as-block
52.122.224.0/21,8069,microsoft-corp-msn-as-block
52.122.232.0/22,8069,microsoft-corp-msn-as-block
52.122.236.0/22,8075,microsoft-corp-msn-as-block
52.122.64.0/18,8069,microsoft-corp-msn-as-block
52.122.240.0/20,8075,microsoft-corp-msn-as-block
52.125.0.0/16,8075,microsoft-corp-msn-as-block
52.126.0.0/15,8070,microsoft-corp-msn-as-block
52.136.0.0/13,8075,microsoft-corp-msn-as-block
52.146.0.0/15,8075,microsoft-corp-msn-as-block
52.148.0.0/14,8075,microsoft-corp-msn-as-block
52.152.0.0/13,8075,microsoft-corp-msn-as-block
52.160.0.0/11,8075,microsoft-corp-msn-as-block
52.224.0.0/11,8075,microsoft-corp-msn-as-block
57.150.0.0/15,8075,microsoft-corp-msn-as-block
57.152.0.0/13,8075,microsoft-corp-msn-as-block
57.160.0.0/12,8075,microsoft-corp-msn-as-block
62.10.0.0/15,8070,microsoft-corp-msn-as-block
62.12.56.0/22,8075,microsoft-corp-msn-as-block
62.12.60.0/23,8075,microsoft-corp-msn-as-block
52.123.0.0/16,8075,microsoft-corp-msn-as-block
142.147.61.0/24,8075,microsoft-corp-msn-as-block
159.128.0.0/16,8075,microsoft-corp-msn-as-block
147.140.72.0/23,8075,microsoft-corp-msn-as-block
199.38.175.0/24,8075,microsoft-corp-msn-as-block
199.60.28.0/24,8075,microsoft-corp-msn-as-block
199.65.27.0/24,8075,microsoft-corp-msn-as-block
199.65.29.0/24,8075,microsoft-corp-msn-as-block
199.65.30.0/23,8075,microsoft-corp-msn-as-block
199.65.40.0/24,8075,microsoft-corp-msn-as-block
199.65.243.0/24,8075,microsoft-corp-msn-as-block
199.65.247.0/24,8075,microsoft-corp-msn-as-block
199.65.251.0/24,8075,microsoft-corp-msn-as-block
199.103.90.0/23,8075,microsoft-corp-msn-as-block
199.103.122.0/24,8075,microsoft-corp-msn-as-block
199.189.36.0/23,8075,microsoft-corp-msn-as-block
199.189.38.0/24,8075,microsoft-corp-msn-as-block
199.233.162.0/24,8075,microsoft-corp-msn-as-block
199.242.32.0/20,8075,microsoft-corp-msn-as-block
199.242.48.0/21,8075,microsoft-corp-msn-as-block
199.255.253.0/24,8075,microsoft-corp-msn-as-block
202.12.70.0/24,8075,microsoft-corp-msn-as-block
202.22.173.0/24,8075,microsoft-corp-msn-as-block
202.89.224.0/21,8075,microsoft-corp-msn-as-block
203.12.31.0/24,8075,microsoft-corp-msn-as-block
203.21.152.0/23,8075,microsoft-corp-msn-as-block
203.32.8.0/24,8075,microsoft-corp-msn-as-block
199.30.16.0/20,8075,microsoft-corp-msn-as-block
203.32.10.0/23,8075,microsoft-corp-msn-as-block
199.21.128.0/24,8075,microsoft-corp-msn-as-block
199.15.136.0/23,8070,microsoft-corp-msn-as-block
194.41.22.0/24,8075,microsoft-corp-msn-as-block
194.44.235.0/24,8075,microsoft-corp-msn-as-block
194.50.21.0/24,8075,microsoft-corp-msn-as-block
194.180.131.0/24,8075,microsoft-corp-msn-as-block
195.8.43.0/24,8075,microsoft-corp-msn-as-block
195.85.113.0/24,8075,microsoft-corp-msn-as-block
195.105.26.0/24,8075,microsoft-corp-msn-as-block
195.114.140.0/24,8075,microsoft-corp-msn-as-block
195.134.224.0/19,8070,microsoft-corp-msn-as-block
198.8.73.0/24,8075,microsoft-corp-msn-as-block
198.22.19.0/24,8075,microsoft-corp-msn-as-block
198.47.13.0/24,8075,microsoft-corp-msn-as-block
198.49.8.0/24,8075,microsoft-corp-msn-as-block
198.51.0.0/24,8075,microsoft-corp-msn-as-block
198.52.0.0/24,8075,microsoft-corp-msn-as-block
198.91.39.0/24,8075,microsoft-corp-msn-as-block
198.180.95.0/24,8075,microsoft-corp-msn-as-block
198.180.97.0/24,8075,microsoft-corp-msn-as-block
198.185.5.0/24,8075,microsoft-corp-msn-as-block
198.200.130.0/24,8075,microsoft-corp-msn-as-block
198.206.164.0/24,8075,microsoft-corp-msn-as-block
198.245.174.0/24,8075,microsoft-corp-msn-as-block
199.0.184.0/23,8075,microsoft-corp-msn-as-block
199.15.138.0/24,8070,microsoft-corp-msn-as-block
194.41.19.0/24,8075,microsoft-corp-msn-as-block
203.84.134.0/23,8075,microsoft-corp-msn-as-block
204.14.180.0/22,8075,microsoft-corp-msn-as-block
208.76.46.0/24,8075,microsoft-corp-msn-as-block
208.80.20.0/23,8075,microsoft-corp-msn-as-block
208.84.0.0/21,8075,microsoft-corp-msn-as-block
208.90.118.0/24,8075,microsoft-corp-msn-as-block
208.103.174.0/24,8075,microsoft-corp-msn-as-block
209.51.100.0/24,8075,microsoft-corp-msn-as-block
209.143.212.0/23,8075,microsoft-corp-msn-as-block
209.199.0.0/16,8075,microsoft-corp-msn-as-block
209.240.192.0/19,8075,microsoft-corp-msn-as-block
212.1.218.0/23,8075,microsoft-corp-msn-as-block
212.1.222.0/23,8075,microsoft-corp-msn-as-block
212.46.57.0/24,8075,microsoft-corp-msn-as-block
212.56.56.0/24,8075,microsoft-corp-msn-as-block
213.156.248.0/24,8075,microsoft-corp-msn-as-block
213.199.128.0/18,8075,microsoft-corp-msn-as-block
213.218.48.0/22,8075,microsoft-corp-msn-as-block
216.32.180.0/22,8075,microsoft-corp-msn-as-block
216.73.183.0/24,8075,microsoft-corp-msn-as-block
216.99.143.0/24,8075,microsoft-corp-msn-as-block
216.126.214.0/24,8075,microsoft-corp-msn-as-block
216.183.110.0/23,8075,microsoft-corp-msn-as-block
216.220.203.0/24,8075,microsoft-corp-msn-as-block
216.220.204.0/24,8075,microsoft-corp-msn-as-block
208.76.45.0/24,8075,microsoft-corp-msn-as-block
204.13.120.0/21,8070,microsoft-corp-msn-as-block
208.68.136.0/21,8075,microsoft-corp-msn-as-block
207.174.51.0/24,8075,microsoft-corp-msn-as-block
204.79.135.0/24,8075,microsoft-corp-msn-as-block
204.79.179.0/24,8075,microsoft-corp-msn-as-block
204.79.195.0/24,8075,microsoft-corp-msn-as-block
204.79.197.0/24,8068,microsoft-corp-msn-as-block
204.79.252.0/24,8075,microsoft-corp-msn-as-block
204.95.96.0/20,8075,microsoft-corp-msn-as-block
204.152.95.0/24,8075,microsoft-corp-msn-as-block
204.152.140.0/23,8075,microsoft-corp-msn-as-block
204.209.219.0/24,8075,microsoft-corp-msn-as-block
204.239.54.0/24,8075,microsoft-corp-msn-as-block
205.135.211.0/24,8075,microsoft-corp-msn-as-block
205.135.212.0/24,8075,microsoft-corp-msn-as-block
205.143.44.0/23,8075,microsoft-corp-msn-as-block
206.138.168.0/21,8075,microsoft-corp-msn-as-block
206.191.224.0/19,8075,microsoft-corp-msn-as-block
206.209.107.0/24,8075,microsoft-corp-msn-as-block
207.46.0.0/19,8075,microsoft-corp-msn-as-block
207.46.36.0/22,8075,microsoft-corp-msn-as-block
207.46.40.0/21,8075,microsoft-corp-msn-as-block
207.46.48.0/20,8075,microsoft-corp-msn-as-block
207.46.64.0/18,8075,microsoft-corp-msn-as-block
207.46.128.0/17,8075,microsoft-corp-msn-as-block
207.68.128.0/18,8075,microsoft-corp-msn-as-block
208.66.228.0/24,8075,microsoft-corp-msn-as-block
145.46.160.0/23,8075,microsoft-corp-msn-as-block
194.41.16.0/24,8070,microsoft-corp-msn-as-block
193.149.64.0/19,8075,microsoft-corp-msn-as-block
158.23.0.0/16,8075,microsoft-corp-msn-as-block
158.158.0.0/16,8075,microsoft-corp-msn-as-block
159.105.18.0/24,8075,microsoft-corp-msn-as-block
40.64.0.0/15,8075,microsoft-corp-msn-as-block
161.69.104.0/24,8075,microsoft-corp-msn-as-block
161.131.217.0/24,8075,microsoft-corp-msn-as-block
161.195.96.0/21,8075,microsoft-corp-msn-as-block
161.195.155.0/24,8075,microsoft-corp-msn-as-block
161.221.0.0/22,8075,microsoft-corp-msn-as-block
161.221.4.0/24,8075,microsoft-corp-msn-as-block
162.254.245.0/24,8075,microsoft-corp-msn-as-block
162.254.247.0/24,8075,microsoft-corp-msn-as-block
164.75.128.0/24,8075,microsoft-corp-msn-as-block
165.159.132.0/22,8070,microsoft-corp-msn-as-block
165.159.136.0/22,8070,microsoft-corp-msn-as-block
165.159.188.0/22,8070,microsoft-corp-msn-as-block
167.21.32.0/21,8075,microsoft-corp-msn-as-block
167.21.152.0/21,8075,microsoft-corp-msn-as-block
167.92.211.0/24,8075,microsoft-corp-msn-as-block
167.92.212.0/24,8075,microsoft-corp-msn-as-block
167.105.0.0/16,8075,microsoft-corp-msn-as-block
167.162.0.0/16,8075,microsoft-corp-msn-as-block
167.186.0.0/16,8075,microsoft-corp-msn-as-block
157.95.0.0/16,8075,microsoft-corp-msn-as-block
168.61.0.0/16,8075,microsoft-corp-msn-as-block
157.56.0.0/16,8075,microsoft-corp-msn-as-block
157.31.0.0/16,8075,microsoft-corp-msn-as-block
147.145.0.0/16,8075,microsoft-corp-msn-as-block
147.243.0.0/16,8075,microsoft-corp-msn-as-block
148.7.0.0/16,8075,microsoft-corp-msn-as-block
150.171.0.0/19,8075,microsoft-corp-msn-as-block
150.171.32.0/24,8068,microsoft-corp-msn-as-block
150.171.33.0/24,8075,microsoft-corp-msn-as-block
150.171.34.0/23,8075,microsoft-corp-msn-as-block
150.171.36.0/22,8075,microsoft-corp-msn-as-block
150.171.40.0/24,8075,microsoft-corp-msn-as-block
150.171.41.0/24,8068,microsoft-corp-msn-as-block
150.171.42.0/24,8075,microsoft-corp-msn-as-block
150.171.43.0/24,8068,microsoft-corp-msn-as-block
150.171.44.0/24,8068,microsoft-corp-msn-as-block
150.171.45.0/24,8075,microsoft-corp-msn-as-block
150.171.46.0/23,8075,microsoft-corp-msn-as-block
150.171.48.0/20,8075,microsoft-corp-msn-as-block
150.171.64.0/18,8075,microsoft-corp-msn-as-block
150.171.128.0/17,8075,microsoft-corp-msn-as-block
151.206.0.0/16,8075,microsoft-corp-msn-as-block
155.60.232.0/23,8075,microsoft-corp-msn-as-block
155.60.240.0/23,8075,microsoft-corp-msn-as-block
155.62.0.0/16,8075,microsoft-corp-msn-as-block
156.20.22.0/23,8075,microsoft-corp-msn-as-block
157.55.0.0/16,8075,microsoft-corp-msn-as-block
193.221.113.0/24,8075,microsoft-corp-msn-as-block
168.62.0.0/15,8075,microsoft-corp-msn-as-block
170.22.154.0/23,8075,microsoft-corp-msn-as-block
185.195.244.0/23,8075,microsoft-corp-msn-as-block
185.209.208.0/23,8075,microsoft-corp-msn-as-block
185.211.208.0/24,8075,microsoft-corp-msn-as-block
185.222.140.0/22,8075,microsoft-corp-msn-as-block
185.236.221.0/24,8075,microsoft-corp-msn-as-block
185.242.137.0/24,8075,microsoft-corp-msn-as-block
185.242.139.0/24,8075,microsoft-corp-msn-as-block
188.94.190.0/24,8075,microsoft-corp-msn-as-block
191.232.0.0/13,8075,microsoft-corp-msn-as-block
192.12.20.0/24,8075,microsoft-corp-msn-as-block
192.28.24.0/23,8075,microsoft-corp-msn-as-block
192.40.78.0/23,8075,microsoft-corp-msn-as-block
192.48.225.0/24,8075,microsoft-corp-msn-as-block
192.84.160.0/23,8075,microsoft-corp-msn-as-block
192.100.104.0/21,8075,microsoft-corp-msn-as-block
192.100.112.0/20,8075,microsoft-corp-msn-as-block
192.100.128.0/22,8075,microsoft-corp-msn-as-block
192.102.165.0/24,8075,microsoft-corp-msn-as-block
192.131.254.0/24,8075,microsoft-corp-msn-as-block
192.197.157.0/24,8075,microsoft-corp-msn-as-block
192.243.86.0/23,8075,microsoft-corp-msn-as-block
193.53.155.0/24,8075,microsoft-corp-msn-as-block
193.134.96.0/24,8075,microsoft-corp-msn-as-block
185.187.104.0/23,8075,microsoft-corp-msn-as-block
169.138.0.0/16,8075,microsoft-corp-msn-as-block
185.154.80.0/22,8075,microsoft-corp-msn-as-block
185.135.57.0/24,8075,microsoft-corp-msn-as-block
170.22.156.0/23,8075,microsoft-corp-msn-as-block
170.62.37.0/24,8075,microsoft-corp-msn-as-block
170.88.82.0/23,8075,microsoft-corp-msn-as-block
170.88.84.0/23,8075,microsoft-corp-msn-as-block
170.114.39.0/24,8075,microsoft-corp-msn-as-block
170.114.47.0/24,8075,microsoft-corp-msn-as-block
170.114.56.0/23,8075,microsoft-corp-msn-as-block
170.165.0.0/16,8075,microsoft-corp-msn-as-block
170.176.205.0/24,8075,microsoft-corp-msn-as-block
172.128.0.0/10,8075,microsoft-corp-msn-as-block
172.200.0.0/13,8075,microsoft-corp-msn-as-block
172.208.0.0/13,8075,microsoft-corp-msn-as-block
173.241.37.0/24,8075,microsoft-corp-msn-as-block
176.116.123.0/24,8075,microsoft-corp-msn-as-block
178.255.242.0/24,8075,microsoft-corp-msn-as-block
185.36.58.0/24,8075,microsoft-corp-msn-as-block
185.52.203.0/24,8075,microsoft-corp-msn-as-block
185.76.37.0/24,8075,microsoft-corp-msn-as-block
185.113.189.0/24,8075,microsoft-corp-msn-as-block
185.115.155.0/24,8075,microsoft-corp-msn-as-block
185.116.168.0/23,8075,microsoft-corp-msn-as-block
185.117.183.0/24,8075,microsoft-corp-msn-as-block
185.117.230.0/24,8075,microsoft-corp-msn-as-block
185.149.54.0/24,8075,microsoft-corp-msn-as-block
23.148.120.0/24,8075,microsoft-corp-msn-as-block
20.157.207.0/24,8075,microsoft-corp-msn-as-block
23.103.64.0/18,8075,microsoft-corp-msn-as-block
2801:80:1d0::/48,8075,microsoft-corp-msn-as-block
2a00:1c68::/29,8075,microsoft-corp-msn-as-block
2a01:111::/35,8075,microsoft-corp-msn-as-block
2a01:111:2000::/47,8075,microsoft-corp-msn-as-block
2a01:111:2002::/48,8075,microsoft-corp-msn-as-block
2a01:111:2003::/48,8068,microsoft-corp-msn-as-block
2a01:111:2004::/46,8075,microsoft-corp-msn-as-block
2a01:111:2008::/45,8075,microsoft-corp-msn-as-block
2a01:111:2010::/44,8075,microsoft-corp-msn-as-block
2a01:111:2020::/45,8075,microsoft-corp-msn-as-block
2a01:111:2028::/46,8075,microsoft-corp-msn-as-block
2620:1ec:e00::/39,8075,microsoft-corp-msn-as-block
2a01:111:202c::/47,8068,microsoft-corp-msn-as-block
2a01:111:202f::/48,8075,microsoft-corp-msn-as-block
2a01:111:2030::/44,8075,microsoft-corp-msn-as-block
2a01:111:2040::/42,8075,microsoft-corp-msn-as-block
2a01:111:2080::/41,8075,microsoft-corp-msn-as-block
2a01:111:2100::/40,8075,microsoft-corp-msn-as-block
2a01:111:2200::/39,8075,microsoft-corp-msn-as-block
2a01:111:2400::/38,8075,microsoft-corp-msn-as-block
2a01:111:2800::/37,8075,microsoft-corp-msn-as-block
2a01:111:3000::/36,8075,microsoft-corp-msn-as-block
2a01:111:4000::/34,8075,microsoft-corp-msn-as-block
2a01:111:8000::/33,8075,microsoft-corp-msn-as-block
2a01:111:202e::/48,8068,microsoft-corp-msn-as-block
2620:1ec:d00::/40,8075,microsoft-corp-msn-as-block
2620:1ec:c80::/41,8075,microsoft-corp-msn-as-block
2620:1ec:c40::/42,8075,microsoft-corp-msn-as-block
2620:1ec:910::/48,8075,microsoft-corp-msn-as-block
2620:1ec:911::/48,8068,microsoft-corp-msn-as-block
2620:1ec:912::/47,8075,microsoft-corp-msn-as-block
2620:1ec:914::/46,8075,microsoft-corp-msn-as-block
2620:1ec:918::/45,8075,microsoft-corp-msn-as-block
2620:1ec:920::/43,8075,microsoft-corp-msn-as-block
2620:1ec:940::/42,8075,microsoft-corp-msn-as-block
2620:1ec:980::/41,8075,microsoft-corp-msn-as-block
2620:1ec:a00::/41,8075,microsoft-corp-msn-as-block
2620:1ec:a80::/44,8075,microsoft-corp-msn-as-block
2620:1ec:a90::/47,8075,microsoft-corp-msn-as-block
2620:1ec:a92::/48,8068,microsoft-corp-msn-as-block
2620:1ec:a93::/48,8075,microsoft-corp-msn-as-block
2620:1ec:a94::/46,8075,microsoft-corp-msn-as-block
2620:1ec:a98::/45,8075,microsoft-corp-msn-as-block
2620:1ec:aa0::/43,8075,microsoft-corp-msn-as-block
2620:1ec:ac0::/42,8075,microsoft-corp-msn-as-block
2620:1ec:b00::/40,8075,microsoft-corp-msn-as-block
2620:1ec:c00::/44,8075,microsoft-corp-msn-as-block
2620:1ec:c10::/48,8075,microsoft-corp-msn-as-block
2620:1ec:c11::/48,8068,microsoft-corp-msn-as-block
2620:1ec:c12::/47,8075,microsoft-corp-msn-as-block
2620:1ec:c14::/46,8075,microsoft-corp-msn-as-block
2620:1ec:c18::/45,8075,microsoft-corp-msn-as-block
2620:1ec:c20::/43,8075,microsoft-corp-msn-as-block
2a03:21e0::/48,8075,microsoft-corp-msn-as-block
2a03:52a0:183::/48,8075,microsoft-corp-msn-as-block
2a05:f500:2::/48,8075,microsoft-corp-msn-as-block
2a07:54c4:1756::/48,8075,microsoft-corp-msn-as-block
13.107.20.0/24,8075,microsoft-corp-msn-as-block
13.107.21.0/24,8068,microsoft-corp-msn-as-block
13.107.22.0/24,8068,microsoft-corp-msn-as-block
13.107.23.0/24,8075,microsoft-corp-msn-as-block
13.107.24.0/21,8075,microsoft-corp-msn-as-block
13.107.32.0/22,8075,microsoft-corp-msn-as-block
13.107.36.0/23,8075,microsoft-corp-msn-as-block
13.107.38.0/24,8075,microsoft-corp-msn-as-block
13.107.39.0/24,8068,microsoft-corp-msn-as-block
13.107.40.0/24,8068,microsoft-corp-msn-as-block
13.107.41.0/24,8075,microsoft-corp-msn-as-block
13.107.42.0/23,8068,microsoft-corp-msn-as-block
13.107.44.0/23,8075,microsoft-corp-msn-as-block
13.107.46.0/23,8068,microsoft-corp-msn-as-block
13.107.48.0/22,8068,microsoft-corp-msn-as-block
13.107.52.0/23,8068,microsoft-corp-msn-as-block
13.107.54.0/24,8068,microsoft-corp-msn-as-block
13.107.55.0/24,8075,microsoft-corp-msn-as-block
13.107.56.0/24,8068,microsoft-corp-msn-as-block
13.107.57.0/24,8075,microsoft-corp-msn-as-block
13.107.58.0/23,8075,microsoft-corp-msn-as-block
13.107.60.0/22,8075,microsoft-corp-msn-as-block
23.103.128.0/17,8075,microsoft-corp-msn-as-block
13.107.128.0/23,8068,microsoft-corp-msn-as-block
13.107.130.0/23,8075,microsoft-corp-msn-as-block
13.107.18.0/23,8068,microsoft-corp-msn-as-block
2620:1ec:90e::/47,8075,microsoft-corp-msn-as-block
13.107.17.0/24,8075,microsoft-corp-msn-as-block
13.107.15.0/24,8068,microsoft-corp-msn-as-block
2a0a:6040:a105::/48,8075,microsoft-corp-msn-as-block
2a0c:4144:200::/48,8075,microsoft-corp-msn-as-block
2a0e:b107:27ac::/48,8075,microsoft-corp-msn-as-block
2a0e:b107:27c7::/48,8075,microsoft-corp-msn-as-block
2a0f:7803:fc50::/48,8075,microsoft-corp-msn-as-block
2a12:fc0::/48,8075,microsoft-corp-msn-as-block
2a12:fc7:ffef::/48,8075,microsoft-corp-msn-as-block
2a14:4e87:1000::/48,8075,microsoft-corp-msn-as-block
2.58.103.0/24,8075,microsoft-corp-msn-as-block
4.144.0.0/12,8075,microsoft-corp-msn-as-block
4.160.0.0/11,8075,microsoft-corp-msn-as-block
4.192.0.0/10,8075,microsoft-corp-msn-as-block
5.23.34.0/24,8075,microsoft-corp-msn-as-block
13.64.0.0/11,8075,microsoft-corp-msn-as-block
13.104.0.0/15,8075,microsoft-corp-msn-as-block
13.106.0.0/16,8075,microsoft-corp-msn-as-block
13.107.0.0/23,8075,microsoft-corp-msn-as-block
13.107.2.0/24,8075,microsoft-corp-msn-as-block
13.107.3.0/24,8068,microsoft-corp-msn-as-block
13.107.4.0/22,8068,microsoft-corp-msn-as-block
13.107.8.0/24,8075,microsoft-corp-msn-as-block
13.107.9.0/24,8068,microsoft-corp-msn-as-block
13.107.10.0/23,8075,microsoft-corp-msn-as-block
13.107.12.0/23,8068,microsoft-corp-msn-as-block
13.107.14.0/24,8075,microsoft-corp-msn-as-block
13.107.16.0/24,8068,microsoft-corp-msn-as-block
2620:1ec:90d::/48,8075,microsoft-corp-msn-as-block
2620:1ec:90c::/48,8068,microsoft-corp-msn-as-block
2620:1ec:90a::/47,8075,microsoft-corp-msn-as-block
2603:1063:1000::/36,8075,microsoft-corp-msn-as-block
2603:1063:2000::/40,8075,microsoft-corp-msn-as-block
2603:1063:2100::/40,8070,microsoft-corp-msn-as-block
2603:1063:2200::/39,8075,microsoft-corp-msn-as-block
2603:1063:2400::/38,8075,microsoft-corp-msn-as-block
2603:1063:2800::/37,8075,microsoft-corp-msn-as-block
2603:1063:3000::/36,8075,microsoft-corp-msn-as-block
2603:1063:4000::/35,8075,microsoft-corp-msn-as-block
2603:1063:6000::/36,8075,microsoft-corp-msn-as-block
2603:1063:7000::/37,8075,microsoft-corp-msn-as-block
2603:1063:7800::/38,8075,microsoft-corp-msn-as-block
2603:1063:7c00::/38,8070,microsoft-corp-msn-as-block
2603:1063:8000::/33,8075,microsoft-corp-msn-as-block
2603:1064::/30,8075,microsoft-corp-msn-as-block
2603:1068::/29,8075,microsoft-corp-msn-as-block
2603:1070::/28,8075,microsoft-corp-msn-as-block
2606:e540:c00::/47,8075,microsoft-corp-msn-as-block
2606:e540:c02::/47,8070,microsoft-corp-msn-as-block
2606:e540:c04::/48,8075,microsoft-corp-msn-as-block
2607:33c0:a0::/48,8075,microsoft-corp-msn-as-block
2620:0:30::/45,8075,microsoft-corp-msn-as-block
2620:bc:2000::/48,8075,microsoft-corp-msn-as-block
2620:147:190::/48,8075,microsoft-corp-msn-as-block
2620:1ec::/46,8075,microsoft-corp-msn-as-block
2620:1ec:4::/46,8068,microsoft-corp-msn-as-block
2603:1063:800::/37,8075,microsoft-corp-msn-as-block
2620:1ec:8::/47,8075,microsoft-corp-msn-as-block
2603:1063:400::/38,8075,microsoft-corp-msn-as-block
2603:1063:200::/40,8075,microsoft-corp-msn-as-block
2001:698::/47,8075,microsoft-corp-msn-as-block
2001:df0:7::/48,8075,microsoft-corp-msn-as-block
2001:df0:d7::/48,8075,microsoft-corp-msn-as-block
2001:df0:d8::/47,8075,microsoft-corp-msn-as-block
2001:df0:59c0::/48,8075,microsoft-corp-msn-as-block
2001:489a:2000::/35,8070,microsoft-corp-msn-as-block
2001:489a:4000::/35,8070,microsoft-corp-msn-as-block
2404:f800::/32,8075,microsoft-corp-msn-as-block
2404:f802::/31,8075,microsoft-corp-msn-as-block
2407:30c0:184::/47,8075,microsoft-corp-msn-as-block
2602:2a5::/48,8075,microsoft-corp-msn-as-block
2602:801:600a::/48,8075,microsoft-corp-msn-as-block
2602:812:200a::/48,8075,microsoft-corp-msn-as-block
2602:fc31:4::/48,8075,microsoft-corp-msn-as-block
2602:fdeb:50::/48,8075,microsoft-corp-msn-as-block
2602:fdeb:52::/47,8075,microsoft-corp-msn-as-block
2602:fdeb:54::/47,8075,microsoft-corp-msn-as-block
2602:fdeb:61::/48,8075,microsoft-corp-msn-as-block
2602:fdeb:62::/47,8075,microsoft-corp-msn-as-block
2602:fdeb:64::/48,8075,microsoft-corp-msn-as-block
2603:1000::/26,8075,microsoft-corp-msn-as-block
2603:1040::/27,8075,microsoft-corp-msn-as-block
2603:1060::/31,8075,microsoft-corp-msn-as-block
2603:1062::/32,8075,microsoft-corp-msn-as-block
2603:1063::/39,8075,microsoft-corp-msn-as-block
2603:1063:300::/40,8070,microsoft-corp-msn-as-block
13.107.132.0/22,8075,microsoft-corp-msn-as-block
2620:1ec:a::/47,8068,microsoft-corp-msn-as-block
2620:1ec:e::/47,8075,microsoft-corp-msn-as-block
2620:1ec:80::/41,8075,microsoft-corp-msn-as-block
2620:1ec:100::/40,8075,microsoft-corp-msn-as-block
2620:1ec:200::/39,8075,microsoft-corp-msn-as-block
2620:1ec:400::/38,8075,microsoft-corp-msn-as-block
2620:1ec:800::/41,8075,microsoft-corp-msn-as-block
2620:1ec:880::/42,8075,microsoft-corp-msn-as-block
2620:1ec:8c0::/43,8075,microsoft-corp-msn-as-block
2620:1ec:8e0::/44,8075,microsoft-corp-msn-as-block
2620:1ec:8f0::/48,8068,microsoft-corp-msn-as-block
2620:1ec:8f1::/48,8075,microsoft-corp-msn-as-block
2620:1ec:8f2::/47,8075,microsoft-corp-msn-as-block
2620:1ec:8f4::/46,8075,microsoft-corp-msn-as-block
2620:1ec:8f8::/48,8075,microsoft-corp-msn-as-block
2620:1ec:8f9::/48,8068,microsoft-corp-msn-as-block
2620:1ec:8fa::/48,8075,microsoft-corp-msn-as-block
2620:1ec:8fb::/48,8068,microsoft-corp-msn-as-block
2620:1ec:8fc::/48,8068,microsoft-corp-msn-as-block
2620:1ec:8fd::/48,8075,microsoft-corp-msn-as-block
2620:1ec:8fe::/47,8075,microsoft-corp-msn-as-block
2620:1ec:900::/48,8068,microsoft-corp-msn-as-block
2620:1ec:901::/48,8075,microsoft-corp-msn-as-block
2620:1ec:902::/47,8075,microsoft-corp-msn-as-block
2620:1ec:904::/46,8075,microsoft-corp-msn-as-block
2620:1ec:908::/48,8075,microsoft-corp-msn-as-block
2620:1ec:909::/48,8068,microsoft-corp-msn-as-block
2620:1ec:60::/43,8075,microsoft-corp-msn-as-block
2620:1ec:c::/47,8068,microsoft-corp-msn-as-block
2620:1ec:50::/44,8075,microsoft-corp-msn-as-block
2620:1ec:46::/47,8075,microsoft-corp-msn-as-block
2620:1ec:10::/47,8075,microsoft-corp-msn-as-block
2620:1ec:12::/47,8068,microsoft-corp-msn-as-block
2620:1ec:14::/46,8075,microsoft-corp-msn-as-block
2620:1ec:18::/46,8075,microsoft-corp-msn-as-block
2620:1ec:1c::/48,8075,microsoft-corp-msn-as-block
2620:1ec:1d::/48,8068,microsoft-corp-msn-as-block
2620:1ec:1e::/47,8075,microsoft-corp-msn-as-block
2620:1ec:20::/48,8075,microsoft-corp-msn-as-block
2620:1ec:21::/48,8068,microsoft-corp-msn-as-block
2620:1ec:22::/47,8068,microsoft-corp-msn-as-block
2620:1ec:24::/48,8068,microsoft-corp-msn-as-block
2620:1ec:25::/48,8075,microsoft-corp-msn-as-block
2620:1ec:26::/47,8075,microsoft-corp-msn-as-block
2620:1ec:28::/48,8068,microsoft-corp-msn-as-block
2620:1ec:29::/48,8075,microsoft-corp-msn-as-block
2620:1ec:2a::/47,8075,microsoft-corp-msn-as-block
2620:1ec:2c::/46,8075,microsoft-corp-msn-as-block
2620:1ec:30::/46,8075,microsoft-corp-msn-as-block
2620:1ec:34::/48,8068,microsoft-corp-msn-as-block
2620:1ec:35::/48,8075,microsoft-corp-msn-as-block
2620:1ec:36::/47,8075,microsoft-corp-msn-as-block
2620:1ec:38::/45,8075,microsoft-corp-msn-as-block
2620:1ec:40::/47,8075,microsoft-corp-msn-as-block
2620:1ec:42::/47,8068,microsoft-corp-msn-as-block
2620:1ec:44::/47,8068,microsoft-corp-msn-as-block
2620:1ec:48::/45,8075,microsoft-corp-msn-as-block
13.107.136.0/24,8075,microsoft-corp-msn-as-block
13.107.64.0/18,8075,microsoft-corp-msn-as-block
13.107.138.0/24,8075,microsoft-corp-msn-as-block
20.143.0.0/16,8075,microsoft-corp-msn-as-block
20.150.0.0/15,8075,microsoft-corp-msn-as-block
20.152.0.0/15,8075,microsoft-corp-msn-as-block
20.157.0.0/23,8075,microsoft-corp-msn-as-block
20.157.2.0/23,8069,microsoft-corp-msn-as-block
20.157.4.0/22,8069,microsoft-corp-msn-as-block
20.157.8.0/21,8069,microsoft-corp-msn-as-block
20.157.16.0/20,8069,microsoft-corp-msn-as-block
20.157.32.0/19,8069,microsoft-corp-msn-as-block
20.157.64.0/19,8069,microsoft-corp-msn-as-block
20.157.96.0/22,8069,microsoft-corp-msn-as-block
20.157.100.0/24,8069,microsoft-corp-msn-as-block
20.157.101.0/24,8075,microsoft-corp-msn-as-block
20.157.102.0/24,8075,microsoft-corp-msn-as-block
20.157.103.0/24,8069,microsoft-corp-msn-as-block
20.157.104.0/21,8069,microsoft-corp-msn-as-block
20.157.112.0/20,8069,microsoft-corp-msn-as-block
20.157.128.0/22,8069,microsoft-corp-msn-as-block
20.157.132.0/24,8069,microsoft-corp-msn-as-block
20.157.133.0/24,8075,microsoft-corp-msn-as-block
20.157.134.0/24,8069,microsoft-corp-msn-as-block
20.157.135.0/24,8075,microsoft-corp-msn-as-block
20.157.136.0/23,8075,microsoft-corp-msn-as-block
20.157.138.0/24,8075,microsoft-corp-msn-as-block
20.157.139.0/24,8069,microsoft-corp-msn-as-block
20.140.0.0/15,8070,microsoft-corp-msn-as-block
20.136.0.0/17,8075,microsoft-corp-msn-as-block
20.135.0.0/16,8075,microsoft-corp-msn-as-block
20.64.0.0/10,8075,microsoft-corp-msn-as-block
13.107.137.0/24,8068,microsoft-corp-msn-as-block
20.47.37.0/24,8069,microsoft-corp-msn-as-block
20.47.38.0/23,8069,microsoft-corp-msn-as-block
20.47.40.0/22,8069,microsoft-corp-msn-as-block
20.47.44.0/23,8069,microsoft-corp-msn-as-block
20.47.46.0/23,8075,microsoft-corp-msn-as-block
20.47.48.0/22,8069,microsoft-corp-msn-as-block
20.47.52.0/24,8075,microsoft-corp-msn-as-block
20.47.53.0/24,8069,microsoft-corp-msn-as-block
20.47.54.0/23,8069,microsoft-corp-msn-as-block
20.47.56.0/21,8069,microsoft-corp-msn-as-block
20.47.64.0/21,8069,microsoft-corp-msn-as-block
20.157.140.0/24,8075,microsoft-corp-msn-as-block
20.47.72.0/23,8075,microsoft-corp-msn-as-block
20.47.76.0/22,8069,microsoft-corp-msn-as-block
20.47.80.0/21,8069,microsoft-corp-msn-as-block
20.47.88.0/23,8069,microsoft-corp-msn-as-block
20.47.90.0/23,8075,microsoft-corp-msn-as-block
20.47.92.0/22,8069,microsoft-corp-msn-as-block
20.47.96.0/20,8069,microsoft-corp-msn-as-block
20.47.112.0/21,8069,microsoft-corp-msn-as-block
20.47.120.0/22,8069,microsoft-corp-msn-as-block
20.47.124.0/23,8075,microsoft-corp-msn-as-block
20.47.126.0/23,8069,microsoft-corp-msn-as-block
20.47.128.0/17,8075,microsoft-corp-msn-as-block
20.48.0.0/12,8075,microsoft-corp-msn-as-block
20.47.74.0/23,8069,microsoft-corp-msn-as-block
20.47.35.0/24,8075,microsoft-corp-msn-as-block
20.157.141.0/24,8069,microsoft-corp-msn-as-block
20.157.144.0/21,8069,microsoft-corp-msn-as-block
20.157.206.0/24,8069,microsoft-corp-msn-as-block
216.220.208.0/20,8075,microsoft-corp-msn-as-block
20.157.208.0/20,8069,microsoft-corp-msn-as-block
20.157.224.0/22,8069,microsoft-corp-msn-as-block
20.157.228.0/23,8075,microsoft-corp-msn-as-block
20.157.230.0/23,8069,microsoft-corp-msn-as-block
20.157.232.0/24,8069,microsoft-corp-msn-as-block
20.157.233.0/24,8075,microsoft-corp-msn-as-block
20.157.234.0/24,8075,microsoft-corp-msn-as-block
20.157.235.0/24,8069,microsoft-corp-msn-as-block
20.157.236.0/23,8069,microsoft-corp-msn-as-block
20.157.238.0/24,8075,microsoft-corp-msn-as-block
20.157.239.0/24,8069,microsoft-corp-msn-as-block
20.157.240.0/21,8069,microsoft-corp-msn-as-block
20.157.248.0/22,8069,microsoft-corp-msn-as-block
20.157.252.0/23,8069,microsoft-corp-msn-as-block
20.157.254.0/24,8075,microsoft-corp-msn-as-block
20.157.255.0/24,8069,microsoft-corp-msn-as-block
20.158.0.0/15,8070,microsoft-corp-msn-as-block
20.160.0.0/12,8075,microsoft-corp-msn-as-block
20.184.0.0/13,8075,microsoft-corp-msn-as-block
20.192.0.0/10,8075,microsoft-corp-msn-as-block
23.96.0.0/14,8075,microsoft-corp-msn-as-block
23.100.0.0/15,8075,microsoft-corp-msn-as-block
23.102.0.0/16,8075,microsoft-corp-msn-as-block
20.157.204.0/23,8069,microsoft-corp-msn-as-block
20.157.203.0/24,8075,microsoft-corp-msn-as-block
20.157.202.0/24,8069,microsoft-corp-msn-as-block
20.157.200.0/23,8069,microsoft-corp-msn-as-block
20.157.152.0/23,8069,microsoft-corp-msn-as-block
20.157.154.0/24,8075,microsoft-corp-msn-as-block
20.157.155.0/24,8069,microsoft-corp-msn-as-block
20.157.156.0/24,8075,microsoft-corp-msn-as-block
20.157.157.0/24,8069,microsoft-corp-msn-as-block
20.157.158.0/23,8069,microsoft-corp-msn-as-block
20.157.160.0/21,8069,microsoft-corp-msn-as-block
20.157.168.0/22,8069,microsoft-corp-msn-as-block
20.157.172.0/24,8069,microsoft-corp-msn-as-block
20.157.173.0/24,8075,microsoft-corp-msn-as-block
20.157.174.0/23,8075,microsoft-corp-msn-as-block
20.157.176.0/24,8069,microsoft-corp-msn-as-block
20.157.142.0/23,8069,microsoft-corp-msn-as-block
20.157.177.0/24,8075,microsoft-corp-msn-as-block
20.157.180.0/22,8069,microsoft-corp-msn-as-block
20.157.184.0/23,8069,microsoft-corp-msn-as-block
20.157.186.0/24,8069,microsoft-corp-msn-as-block
20.157.187.0/24,8075,microsoft-corp-msn-as-block
20.157.188.0/23,8075,microsoft-corp-msn-as-block
20.157.190.0/24,8075,microsoft-corp-msn-as-block
20.157.191.0/24,8069,microsoft-corp-msn-as-block
20.157.192.0/23,8075,microsoft-corp-msn-as-block
20.157.194.0/23,8069,microsoft-corp-msn-as-block
20.157.196.0/24,8069,microsoft-corp-msn-as-block
20.157.197.0/24,8075,microsoft-corp-msn-as-block
20.157.198.0/23,8069,microsoft-corp-msn-as-block
20.157.178.0/23,8069,microsoft-corp-msn-as-block
20.47.34.0/24,8069,microsoft-corp-msn-as-block
20.47.36.0/24,8075,microsoft-corp-msn-as-block
20.47.0.0/19,8069,microsoft-corp-msn-as-block
20.33.63.0/24,8069,microsoft-corp-msn-as-block
20.33.64.0/18,8075,microsoft-corp-msn-as-block
20.33.128.0/21,8069,microsoft-corp-msn-as-block
20.33.136.0/22,8069,microsoft-corp-msn-as-block
20.33.140.0/24,8075,microsoft-corp-msn-as-block
20.33.141.0/24,8069,microsoft-corp-msn-as-block
20.33.142.0/24,8075,microsoft-corp-msn-as-block
20.33.143.0/24,8069,microsoft-corp-msn-as-block
20.33.144.0/23,8069,microsoft-corp-msn-as-block
20.33.146.0/24,8075,microsoft-corp-msn-as-block
20.33.147.0/24,8069,microsoft-corp-msn-as-block
20.33.148.0/23,8069,microsoft-corp-msn-as-block
20.33.150.0/24,8069,microsoft-corp-msn-as-block
20.33.151.0/24,8075,microsoft-corp-msn-as-block
20.33.152.0/22,8075,microsoft-corp-msn-as-block
20.33.156.0/22,8069,microsoft-corp-msn-as-block
20.33.160.0/24,8069,microsoft-corp-msn-as-block
20.33.161.0/24,8075,microsoft-corp-msn-as-block
20.33.162.0/24,8075,microsoft-corp-msn-as-block
20.33.163.0/24,8069,microsoft-corp-msn-as-block
20.33.164.0/23,8069,microsoft-corp-msn-as-block
20.33.166.0/24,8069,microsoft-corp-msn-as-block
20.33.167.0/24,8075,microsoft-corp-msn-as-block
20.33.168.0/21,8075,microsoft-corp-msn-as-block
20.33.176.0/23,8075,microsoft-corp-msn-as-block
20.33.62.0/24,8075,microsoft-corp-msn-as-block
20.47.32.0/23,8069,microsoft-corp-msn-as-block
20.33.60.0/23,8075,microsoft-corp-msn-as-block
20.33.48.0/21,8075,microsoft-corp-msn-as-block
13.107.139.0/24,8068,microsoft-corp-msn-as-block
13.107.140.0/24,8068,microsoft-corp-msn-as-block
13.107.141.0/24,8075,microsoft-corp-msn-as-block
13.107.142.0/23,8075,microsoft-corp-msn-as-block
13.107.144.0/20,8075,microsoft-corp-msn-as-block
13.107.160.0/19,8075,microsoft-corp-msn-as-block
13.107.192.0/19,8075,microsoft-corp-msn-as-block
13.107.224.0/20,8075,microsoft-corp-msn-as-block
13.107.240.0/21,8075,microsoft-corp-msn-as-block
13.107.248.0/22,8075,microsoft-corp-msn-as-block
13.107.252.0/23,8075,microsoft-corp-msn-as-block
13.107.254.0/24,8068,microsoft-corp-msn-as-block
13.107.255.0/24,8075,microsoft-corp-msn-as-block
20.0.0.0/11,8075,microsoft-corp-msn-as-block
20.33.0.0/22,8069,microsoft-corp-msn-as-block
20.33.4.0/23,8069,microsoft-corp-msn-as-block
20.33.6.0/24,8069,microsoft-corp-msn-as-block
20.33.7.0/24,8075,microsoft-corp-msn-as-block
20.33.8.0/21,8069,microsoft-corp-msn-as-block
20.33.16.0/20,8069,microsoft-corp-msn-as-block
20.33.32.0/21,8069,microsoft-corp-msn-as-block
20.33.40.0/23,8069,microsoft-corp-msn-as-block
20.33.42.0/24,8075,microsoft-corp-msn-as-block
20.33.43.0/24,8069,microsoft-corp-msn-as-block
20.33.44.0/22,8069,microsoft-corp-msn-as-block
20.33.56.0/22,8075,microsoft-corp-msn-as-block
20.33.179.0/24,8075,microsoft-corp-msn-as-block
20.33.178.0/24,8069,microsoft-corp-msn-as-block
20.39.48.0/21,8075,microsoft-corp-msn-as-block
20.33.180.0/23,8069,microsoft-corp-msn-as-block
20.39.56.0/23,8075,microsoft-corp-msn-as-block
20.39.58.0/23,8069,microsoft-corp-msn-as-block
20.39.60.0/22,8075,microsoft-corp-msn-as-block
20.39.64.0/18,8075,microsoft-corp-msn-as-block
20.39.128.0/17,8075,microsoft-corp-msn-as-block
20.40.0.0/19,8075,microsoft-corp-msn-as-block
20.40.32.0/20,8075,microsoft-corp-msn-as-block
20.40.48.0/23,8075,microsoft-corp-msn-as-block
20.40.50.0/24,8075,microsoft-corp-msn-as-block
20.40.51.0/25,8075,microsoft-corp-msn-as-block
20.40.51.128/29,8075,microsoft-corp-msn-as-block
20.39.32.0/20,8075,microsoft-corp-msn-as-block
20.40.51.136/30,8075,microsoft-corp-msn-as-block
20.40.51.142/31,8075,microsoft-corp-msn-as-block
20.40.51.144/28,8075,microsoft-corp-msn-as-block
20.40.51.160/27,8075,microsoft-corp-msn-as-block
20.40.51.192/26,8075,microsoft-corp-msn-as-block
20.40.52.0/22,8075,microsoft-corp-msn-as-block
20.40.56.0/21,8075,microsoft-corp-msn-as-block
20.40.64.0/18,8075,microsoft-corp-msn-as-block
20.40.128.0/17,8075,microsoft-corp-msn-as-block
20.41.0.0/16,8075,microsoft-corp-msn-as-block
20.42.0.0/15,8075,microsoft-corp-msn-as-block
20.44.0.0/15,8075,microsoft-corp-msn-as-block
20.46.0.0/16,8075,microsoft-corp-msn-as-block
20.40.51.140/32,8075,microsoft-corp-msn-as-block
20.39.0.0/19,8075,microsoft-corp-msn-as-block
217.169.202.0/24,8075,microsoft-corp-msn-as-block
20.33.196.0/23,8075,microsoft-corp-msn-as-block
20.33.184.0/23,8075,microsoft-corp-msn-as-block
20.33.188.0/23,8075,microsoft-corp-msn-as-block
20.33.190.0/23,8069,microsoft-corp-msn-as-block
20.33.192.0/22,8075,microsoft-corp-msn-as-block
20.38.0.0/16,8075,microsoft-corp-msn-as-block
20.33.198.0/24,8069,microsoft-corp-msn-as-block
20.33.183.0/24,8075,microsoft-corp-msn-as-block
20.33.199.0/24,8075,microsoft-corp-msn-as-block
20.33.200.0/24,8075,microsoft-corp-msn-as-block
20.33.187.0/24,8075,microsoft-corp-msn-as-block
20.33.201.0/24,8069,microsoft-corp-msn-as-block
20.33.204.0/22,8075,microsoft-corp-msn-as-block
20.33.208.0/20,8075,microsoft-corp-msn-as-block
20.33.182.0/24,8069,microsoft-corp-msn-as-block
20.33.224.0/19,8075,microsoft-corp-msn-as-block
20.34.0.0/15,8070,microsoft-corp-msn-as-block
20.36.0.0/15,8075,microsoft-corp-msn-as-block
20.33.202.0/23,8075,microsoft-corp-msn-as-block
20.33.186.0/24,8069,microsoft-corp-msn-as-block
157.58.216.0/24,5761,microsoft-corp-msn-as-saturn
2001:4898:b080::/48,5761,microsoft-corp-msn-as-saturn
2a01:110:e050::/48,6584,microsoft-gp-as
167.220.244.0/22,58862,"microsoft-china-co.,-ltd."
167.220.226.0/23,45139,microsoft-corp
2404:f801:8020::/48,45139,microsoft-corp
194.69.104.0/23,35106,microsoft-limited
2a01:110:9008::/48,35106,microsoft-limited
103.255.140.0/22,59067,"microsoft-mobile-alliance-internet-services-co.,-ltd"
103.36.96.0/22,59067,"microsoft-mobile-alliance-internet-services-co.,-ltd"
202.89.232.0/21,59067,"microsoft-mobile-alliance-internet-services-co.,-ltd"
111.221.28.0/24,59067,"microsoft-mobile-alliance-internet-services-co.,-ltd"
103.25.156.0/24,59067,"microsoft-mobile-alliance-internet-services-co.,-ltd"
